Test No.,G,lldg,CapturePerc,L,Steam Flow,CO2 captured 
43,48796.875,0.24765625,80.234375,86041.0649,7000,4858
80,72867.1875,0.208984375,81.2890625,113548.542,10700,7350
52,67078.125,0.10234375,85.390625,78461.5701,13400,7108
98,56414.0625,0.234765625,94.1796875,115856.134,9900,6593
41,39046.875,0.13515625,83.984375,48318.0011,6000,4069
