Test No.,G,lldg,CapturePerc,L,Steam Flow,CO2 captured 
38,60984.375,0.23828125,88.671875,117688.452,10000,6710
95,54585.9375,0.204296875,94.8828125,98914.4873,9400,6427
26,59156.25,0.2453125,85.15625,111874.223,9200,6251
70,60679.6875,0.180859375,93.4765625,99376.9692,10200,7039
23,51843.75,0.2359375,91.71875,102354.126,8700,5901
