Test No.,G,lldg,CapturePerc,L,Steam Flow,CO2 captured 
100,66164.0625,0.122265625,90.4296875,86966.5954,12100,7425
4,65250.0,0.1375,91.25,90543.2044,11200,7388
48,73171.875,0.22890625,85.859375,131752.234,11600,7796
33,36609.375,0.21953125,94.296875,68548.9395,6100,4284
22,61593.75,0.1984375,80.46875,90537.497,8800,6150
