w,G,lldg,L
0.160608,2236.22912,0.14141900000000002,9736.089726
0.160545,2225.686477,0.146195,10690.967569
