Test No.,G,lldg,CapturePerc,L,Steam Flow,CO2 captured 
1,36000.0,0.1,80.0,38378.655,6600,3574
12,67687.5,0.203125,86.5625,110423.277,10600,7271
90,59460.9375,0.148046875,93.0078125,86704.7209,10000,6863
86,61898.4375,0.101171875,88.3203125,74587.423,12900,6784
84,66773.4375,0.157421875,82.6953125,88484.2358,9800,6852
33,36609.375,0.21953125,94.296875,68548.9395,6100,4284
76,67992.1875,0.115234375,94.4140625,92065.8407,13800,7966
