Test No.,G,lldg,CapturePerc,L,Steam Flow,CO2 captured 
49,37828.125,0.13984375,89.140625,50523.6554,6000,4184
54,62203.125,0.15859375,94.765625,96161.1488,10600,7315
41,39046.875,0.13515625,83.984375,48318.0011,6000,4069
70,60679.6875,0.180859375,93.4765625,99376.9692,10200,7039
74,58242.1875,0.227734375,90.6640625,110005.97,9700,6553
19,46968.75,0.1421875,82.34375,58403.9639,6900,4799
