w,G,lldg,L
0.126685,1050.047955,0.199832,5471.946305
0.131935,2690.648126,0.101176,11680.136856
0.159993,1945.629372,0.226268,9476.877461
0.173676,1294.7063890000004,0.27803,11980.877807
0.170734,2557.732727,0.262148,7946.507303
0.163018,1095.085476,0.297352,4899.928847
0.13078199999999998,1332.04559,0.112261,10606.376938
0.138229,2179.242771,0.117445,3108.637415
