Test No.,G,lldg,CapturePerc,L,Steam Flow,CO2 captured 
10,57937.5,0.165625,82.8125,78451.4689,8400,5954
38,60984.375,0.23828125,88.671875,117688.452,10000,6710
42,58546.875,0.21015625,91.484375,104003.434,9700,6646
15,53062.5,0.184375,80.9375,74289.2522,7500,5329
