Test No.,G,lldg,CapturePerc,L,Steam Flow,CO2 captured 
61,45140.625,0.11171875,91.953125,57839.7286,8900,5151
72,70429.6875,0.143359375,89.7265625,97963.2736,11600,7842
39,51234.375,0.20078125,84.921875,80008.8937,7700,5399
90,59460.9375,0.148046875,93.0078125,86704.7209,10000,6863
35,46359.375,0.10703125,90.546875,57725.4293,9300,5209
75,48492.1875,0.190234375,86.9140625,74671.3954,7400,5230
71,50929.6875,0.218359375,82.2265625,81929.7372,7400,5197
3,45750.0,0.2125,83.75,73145.4572,6800,4755
