w,G,lldg,L
0.175,2000.0,0.3,8768.0
0.160742,2651.467916,0.140875,11303.439054
0.13381500000000002,1118.211568,0.195769,10818.871203
0.128499,1751.808129,0.286804,3277.76799
0.12546,2580.636307,0.110725,4872.566836
0.175,1000.0,0.2,3849.0
0.164428,1803.181619,0.114614,6941.439361
0.156615,2581.151839,0.14381300000000002,8652.233593
0.175,2500.0,0.15,3650.0
0.147654,1896.961455,0.150598,10107.391875
