Test No.,G,lldg,CapturePerc,L,Steam Flow,CO2 captured 
42,58546.875,0.21015625,91.484375,104003.434,9700,6646
5,40875.0,0.19375,93.125,68526.6812,6700,4723
14,62812.5,0.221875,92.1875,118827.678,10700,7186
51,47578.125,0.17734375,92.890625,75490.0,7800,5484
99,46664.0625,0.197265625,82.9296875,69825.5025,6800,4802
15,53062.5,0.184375,80.9375,74289.2522,7500,5329
