Test No.,G,lldg,CapturePerc,L,Steam Flow,CO2 captured 
8,70125.0,0.23125,81.875,120164.106,10500,7125
18,56718.75,0.1046875,93.59375,73258.4035,12200,6587
14,62812.5,0.221875,92.1875,118827.678,10700,7186
52,67078.125,0.10234375,85.390625,78461.5701,13400,7108
77,43617.1875,0.246484375,92.5390625,90631.929,7400,5009
82,57023.4375,0.194921875,86.4453125,89350.7329,8800,6117
1,36000.0,0.1,80.0,38378.655,6600,3574
30,64031.25,0.1515625,90.78125,92150.0463,10500,7213
