Test No.,G,lldg,CapturePerc,L,Steam Flow,CO2 captured 
48,73171.875,0.22890625,85.859375,131752.234,11600,7796
86,61898.4375,0.101171875,88.3203125,74587.423,12900,6784
50,57328.125,0.21484375,81.640625,90710.3927,8400,5808
99,46664.0625,0.197265625,82.9296875,69825.5025,6800,4802
5,40875.0,0.19375,93.125,68526.6812,6700,4723
1,36000.0,0.1,80.0,38378.655,6600,3574
