Test No.,G,lldg,CapturePerc,L,Steam Flow,CO2 captured 
68,65554.6875,0.237109375,84.1015625,118430.922,10100,6841
100,66164.0625,0.122265625,90.4296875,86966.5954,12100,7425
11,48187.5,0.128125,94.0625,66463.8363,8700,5625
1,36000.0,0.1,80.0,38378.655,6600,3574
