Test No.,G,lldg,CapturePerc,L,Steam Flow,CO2 captured 
28,68906.25,0.1328125,81.40625,83493.2318,10600,6961
72,70429.6875,0.143359375,89.7265625,97963.2736,11600,7842
61,45140.625,0.11171875,91.953125,57839.7286,8900,5151
94,64335.9375,0.241796875,83.6328125,117742.45,9900,6677
43,48796.875,0.24765625,80.234375,86041.0649,7000,4858
1,36000.0,0.1,80.0,38378.655,6600,3574
14,62812.5,0.221875,92.1875,118827.678,10700,7186
63,54890.625,0.22421875,88.203125,98393.109,8800,6008
