Test No.,G,lldg,CapturePerc,L,Steam Flow,CO2 captured 
65,36304.6875,0.199609375,87.8515625,57925.7553,5500,3958
52,67078.125,0.10234375,85.390625,78461.5701,13400,7108
14,62812.5,0.221875,92.1875,118827.678,10700,7186
1,36000.0,0.1,80.0,38378.655,6600,3574
11,48187.5,0.128125,94.0625,66463.8363,8700,5625
64,74390.625,0.14921875,80.703125,94063.3064,10800,7450
