w,G,lldg,L
0.175,2500.0,0.1,8382.0
0.15,2000.0,0.25,7519.0
0.158404,1410.281206,0.087975,10179.541485
0.127717,1515.490227,0.156722,4361.686623
0.175,2700.0,0.25,10016.0
0.167195,2131.298667,0.167383,4389.843571
0.12546,2580.636307,0.110725,4872.566836
0.175,1000.0,0.3,3116.0
