w,G,lldg,L
0.155401,2218.975176000001,0.08641499999999999,3224.867142
0.163838,2088.244793,0.135549,3231.4157800000007
0.165184,2143.949263,0.15420899999999998,10908.853854
0.160248,1986.089834,0.080496,9044.629073
0.165751,1345.343849,0.137853,4864.6850829999985
0.155978,1603.40807,0.14667,8673.355747
