Test No.,G,lldg,CapturePerc,L,Steam Flow,CO2 captured 
35,46359.375,0.10703125,90.546875,57725.4293,9300,5209
7,50625.0,0.15625,89.375,71949.3013,8000,5615
5,40875.0,0.19375,93.125,68526.6812,6700,4723
79,53367.1875,0.133984375,88.7890625,70516.7585,8900,5880
59,50015.625,0.16796875,86.328125,70998.7726,7600,5358
93,44835.9375,0.166796875,91.1328125,67056.6663,7100,5070
53,42703.125,0.23359375,87.265625,77696.6004,6700,4624
9,38437.5,0.240625,90.3125,74827.7638,6200,4308
