Test No.,G,lldg,CapturePerc,L,Steam Flow,CO2 captured 
87,52148.4375,0.138671875,84.5703125,66248.8299,8000,5473
84,66773.4375,0.157421875,82.6953125,88484.2358,9800,6852
36,65859.375,0.18203125,83.046875,94943.4635,9700,6787
55,52453.125,0.12109375,83.515625,62541.5617,8700,5436
