Test No.,G,lldg,CapturePerc,L,Steam Flow,CO2 captured 
66,55804.6875,0.124609375,80.3515625,64650.7367,8800,5564
10,57937.5,0.165625,82.8125,78451.4689,8400,5954
20,66468.75,0.2171875,89.84375,119711.279,10900,7410
2,55500.0,0.175,87.5,82173.0507,8600,6026
28,68906.25,0.1328125,81.40625,83493.2318,10600,6961
46,63421.875,0.11640625,82.109375,73797.8247,10800,6462
14,62812.5,0.221875,92.1875,118827.678,10700,7186
