Test No.,G,lldg,CapturePerc,L,Steam Flow,CO2 captured 
76,67992.1875,0.115234375,94.4140625,92065.8407,13800,7966
74,58242.1875,0.227734375,90.6640625,110005.97,9700,6553
43,48796.875,0.24765625,80.234375,86041.0649,7000,4858
7,50625.0,0.15625,89.375,71949.3013,8000,5615
46,63421.875,0.11640625,82.109375,73797.8247,10800,6462
37,41484.375,0.16328125,81.171875,53949.499,5800,4179
24,71343.75,0.1609375,84.21875,97801.5743,10700,7456
