w,G,lldg,L
0.175,2500.0,0.25,11392.0
0.125,2000.0,0.1,3607.0
0.128031,1349.618496,0.2993,9445.170335
0.175,2500.0,0.15,3650.0
