Test No.,G,lldg,CapturePerc,L,Steam Flow,CO2 captured 
20,66468.75,0.2171875,89.84375,119711.279,10900,7410
38,60984.375,0.23828125,88.671875,117688.452,10000,6710
26,59156.25,0.2453125,85.15625,111874.223,9200,6251
