w,G,lldg,L
0.160545,2225.686477,0.146195,10690.967569
0.159149,2013.444961,0.129347,9748.038238
0.160608,2236.22912,0.14141900000000002,9736.089726
