Test No.,G,lldg,CapturePerc,L,Steam Flow,CO2 captured 
51,47578.125,0.17734375,92.890625,75490.0,7800,5484
67,46054.6875,0.162109375,91.6015625,68296.898,7400,5235
