Test No.,G,lldg,CapturePerc,L,Steam Flow,CO2 captured 
73,38742.1875,0.152734375,83.1640625,49956.7792,5600,3998
36,65859.375,0.18203125,83.046875,94943.4635,9700,6787
10,57937.5,0.165625,82.8125,78451.4689,8400,5954
22,61593.75,0.1984375,80.46875,90537.497,8800,6150
57,40265.625,0.20546875,82.578125,61460.6299,5800,4126
62,64640.625,0.18671875,84.453125,96386.415,9700,6774
85,42398.4375,0.176171875,80.8203125,57235.6032,5900,4252
