Test No.,G,lldg,CapturePerc,L,Steam Flow,CO2 captured 
79,53367.1875,0.133984375,88.7890625,70516.7585,8900,5880
30,64031.25,0.1515625,90.78125,92150.0463,10500,7213
47,53671.875,0.15390625,93.359375,79708.0232,8900,6218
31,54281.25,0.1140625,87.03125,66377.5114,10000,5862
90,59460.9375,0.148046875,93.0078125,86704.7209,10000,6863
